r,gr,k,Fg_k,S_k,G_k,D_k
0.0062273946577337935,0.7848091817455809,0.0,-0.19545613973627252,-7.600070148395991,0.7881461221734664,-0.7881461221734664
0.01868218397320138,0.7943111193481769,0.03913894324853229,-0.19531141019060175,-7.593702048386477,-0.2825833019545727,0.2825833019545727
0.03113697328866897,0.8035913087107223,0.07827788649706457,-0.1948777759063542,-7.574622139879585,-0.46320281461008783,0.46320281461008783
0.04359176260413655,0.8126411549240747,0.11741682974559686,-0.19415689687257842,-7.5429034623934506,-0.6882391111491086,0.6882391111491086
0.05604655191960414,0.8214531412666505,0.15655577299412915,-0.1931515295277786,-7.498667299222259,-0.9577007254205687,0.9577007254205687
0.06850134123507173,0.8300208221731676,0.19569471624266144,-0.19186551151804956,-7.442082506794181,-1.2715966147032072,1.2715966147032072
0.08095613055053931,0.838338809504016,0.23483365949119372,-0.19030374050388787,-7.373364582171067,-1.629935490958474,1.629935490958474
0.0934109198660069,0.8464027526444181,0.273972602739726,-0.1884721471597373,-7.292774475028441,-2.0327250503742604,2.0327250503742604
0.10586570918147449,0.8542093128017059,0.3131115459882583,-0.18637766254956042,-7.200617152180659,-2.4799711050418765,2.4799711050418765
0.11832049849694208,0.861756132075105,0.3522504892367906,-0.18402818009953015,-7.097239924379327,-2.9716766210366043,2.9716766210366043
0.13077528781240966,0.8690417978094758,0.3913894324853229,-0.18143251242502956,-6.9830305467013005,-3.507840667711576,3.507840667711576
0.14323007712787725,0.8760658028241664,0.43052837573385516,-0.17860034330323984,-6.858415105342553,-4.088457283406187,4.088457283406187
0.15568486644334484,0.8828285020760159,0.46966731898238745,-0.17554217511444395,-6.723855705035533,-4.71351426323291,4.71351426323291
0.16813965575881243,0.8893310663451505,0.5088062622309197,-0.17226927210451884,-6.579847972598829,-5.382991874978277,5.382991874978277
0.18059444507428002,0.8955754335016114,0.547945205479452,-0.16879359984773176,-6.426918393300197,-6.0968615095516885,6.0968615095516885
0.1930492343897476,0.9015642579117994,0.5870841487279843,-0.16512776131267756,-6.265621497757813,-6.855084272732218,6.855084272732218
0.20550402370521517,0.907300858507951,0.6262230919765166,-0.16128492995484517,-6.096536918013188,-7.657609525298532,7.657609525298532
0.21795881302068276,0.9127891660265561,0.6653620352250489,-0.15727878027671524,-5.920266332175471,-8.504373378890392,8.504373378890392
0.23041360233615035,0.9180336698805707,0.7045009784735812,-0.1531234163103684,-5.7374303176562105,-9.395297155209441,9.395297155209441
0.24286839165161794,0.9230393651015714,0.7436399217221135,-0.14883329848821625,-5.548665133481515,-10.330285816371074,10.330285816371074
0.2553231809670855,0.9278116997436376,0.7827788649706457,-0.14442316937460584,-5.354619452482657,-11.309226374399616,11.309226374399616
0.2677779702825531,0.932356523105826,0.821917808219178,-0.13990797873465893,-5.155951064324993,-12.331986288004314,12.331986288004314
0.2802327595980207,0.9366800350849422,0.8610567514677103,-0.1353028084167711,-4.953323570337928,-13.398411854870064,13.398411854870064
0.2926875489134883,0.9407887369331966,0.9001956947162426,-0.13062279752176775,-4.747403090957781,-14.508326607770721,14.508326607770721
0.30514233822895587,0.944689383651746,0.9393346379647749,-0.12588306832481305,-4.538855006291774,-15.661529722842626,15.661529722842626
0.3175971275444235,0.9483889382148362,0.9784735812133072,-0.12109865340590915,-4.328340749860002,-16.85779444834359,16.85779444834359
0.33005191685989105,0.9518945277791717,1.0176125244618395,-0.11628442443128754,-4.116514674976652,-18.096866562183557,18.096866562183557
0.34250670617535867,0.9552134019998371,1.0567514677103718,-0.11145502301134355,-3.9040210124991166,-19.378462866427554,19.378462866427554
0.35496149549082623,0.9583528935388532,1.095890410958904,-0.10662479404113571,-3.691490937809972,-20.702269726853594,20.702269726853594
0.3674162848062938,0.9613203808235413,1.1350293542074363,-0.10180772190706228,-3.47953976391074,-22.067941665492274,22.067941665492274
0.3798710741217614,0.9641232530822338,1.1741682974559686,-0.09701736991834092,-3.2687642764070004,-23.47510001388572,23.47510001388572
0.39232586343722897,0.9667688776611292,1.213307240704501,-0.09226682329456602,-3.0597402249609047,-24.92333163457569,24.92333163457569
0.4047806527526966,0.9692645696023477,1.2524461839530332,-0.08756863601116179,-2.8530199844911186,-26.41218771807344,26.41218771807344
0.41723544206816415,0.9716175634448987,1.2915851272015655,-0.08293478177322781,-2.6491303980220238,-27.941182662271302,27.941182662271302
0.42969023138363177,0.9738349871923218,1.3307240704500978,-0.07837660935536471,-2.4485708116360474,-29.509793040933946,29.509793040933946
0.44214502069909933,0.9759238383776876,1.36986301369863,-0.07390480251084916,-2.251811310477363,-31.11745666755524,31.11745666755524
0.4545998100145669,0.9778909621440808,1.4090019569471623,-0.06952934461828668,-2.059291163204614,-32.763571760484695,32.763571760484695
0.4670545993300345,0.9797430312504678,1.4481409001956946,-0.06525948819789654,-1.8714174807074477,-34.44749621482412,34.44749621482412
0.4795093886455021,0.9814865279051284,1.487279843444227,-0.061103729393175724,-1.688564093299732,-36.16854698616042,36.16854698616042
0.4919641779609697,0.9831277273248811,1.5264187866927592,-0.057069787477141545,-1.5110706489942278,-37.92599959075086,37.92599959075086
0.5044189672764373,0.9846726829147855,1.5655577299412915,-0.05316458940595352,-1.3392419338619548,-39.71908772629896,39.71908772629896
0.5168737565919048,0.9861272129626986,1.6046966731898238,-0.04939425940675838,-1.1733474138973685,-41.54700301697191,41.54700301697191
0.5293285459073724,0.9874968887429881,1.643835616438356,-0.04576411355136305,-1.013620996259974,-43.40889488579773,43.40889488579773
0.5417833352228401,0.9887870239264029,1.6829745596868884,-0.04227865923308962,-0.8602610062559433,-45.30387055706113,45.30387055706113
0.5542381245383076,0.9900026651958319,1.7221135029354206,-0.038941599431165,-0.71343037497126,-47.23099519078263,47.23099519078263
0.5666929138537752,0.9911485839727664,1.761252446183953,-0.03575584161548258,-0.5732570310812335,-49.18929215082223,49.18929215082223
0.5791477031692428,0.9922292691642057,1.8003913894324852,-0.03272351111478264,-0.439834489050436,-51.17774340760142,51.17774340760142
0.5916024924847104,0.9932489208466688,1.8395303326810175,-0.029845968743430134,-0.313222624710926,-53.19529007588158,53.19529007588158
0.6040572818001779,0.9942114448105474,1.8786692759295498,-0.027123832456221818,-0.19344862807375995,-55.24083308748398,55.24083308748398
0.6165120711156455,0.995120447896315,1.917808219178082,-0.024557002777196458,-0.08050812219664416,-57.313233998279514,57.313233998279514
0.6289668604311132,0.9959792340618723,1.9569471624266144,-0.022144691727396706,0.02563356399454486,-59.41131592822705,59.41131592822705
0.6414216497465808,0.9967908011295192,1.9960861056751467,-0.019885454958068854,0.12503998184497045,-61.53386463269163,61.53386463269163
0.6538764390620483,0.9975578381696228,2.035225048923679,-0.017777226779981895,0.21780202168079665,-63.679629702737735,63.679629702737735
0.6663312283775159,0.9982827234878417,2.0743639921722115,-0.01581735776648234,0.3040362582747771,-65.84732589156133,65.84732589156133
0.6787860176929835,0.9989675231917989,2.1135029354207435,-0.014002654597621579,0.3838831977046505,-68.03563456371553,68.03563456371553
0.691240807008451,0.9996139903232035,2.152641878669276,-0.012329421805231566,0.45750544056981113,-70.2432052632768,70.2432052632768
0.7036955963239186,1.000223564550589,2.191780821917808,-0.01079350507418002,0.5250857767360791,-72.46865739662134,72.46865739662134
0.7161503856393863,1.0007973724279828,2.2309197651663406,-0.009390335753188298,0.5868252268597149,-74.71058202501305,74.71058202501305
0.7286051749548539,1.001336228233866,2.2700587084148727,-0.008114976229500512,0.6429410459019775,-76.9675437617628,76.9675437617628
0.7410599642703214,1.001840635414705,2.309197651663405,-0.00696216582527968,0.6936647036876941,-79.23808276829759,79.23808276829759
0.753514753585789,1.0023107886659741,2.3483365949119372,-0.0059263668797902135,0.7392398572892306,-81.52071684308132,81.52071684308132
0.7659695429012566,1.0027465766930328,2.3874755381604698,-0.0050018106900927735,0.779920329635918,-83.81394359695973,83.81394359695973
0.7784243322167241,1.0031475857021495,2.426614481409002,-0.004182542994001001,0.8159681082639559,-86.11624270816054,86.11624270816054
0.7908791215321918,1.0035131036806502,2.4657534246575343,-0.003462468692280302,0.8476513775396667,-88.42607824986547,88.42607824986547
0.8033339108476594,1.0038421255320615,2.5048923679060664,-0.0028353955223472645,0.8752425970167204,-90.74190108298734,90.74190108298734
0.815788700163127,1.0041333591397217,2.544031311154599,-0.0022950764128734174,0.8990166378335697,-93.06215130653914,93.06215130653914
0.8282434894785945,1.0043852324378233,2.583170254403131,-0.0018352502675238265,0.9192489882289516,-95.38526075775565,95.38526075775565
0.8406982787940621,1.0045959015750228,2.6223091976516635,-0.0014496809463653852,0.936214038359923,-97.7096555539496,97.7096555539496
0.8531530681095297,1.0047632602593826,2.6614481409001955,-0.0011321942350569075,0.950183453657496,-100.03375866792801,100.03375866792801
0.8656078574249972,1.0048849503778379,2.700587084148728,-0.0008767126145661002,0.9614246449590916,-102.35599252867983,102.35599252867983
0.8780626467404649,1.0049583739845964,2.73972602739726,-0.000677287667629934,0.9701993426242829,-104.67478163896193,104.67478163896193
0.8905174360559325,1.0049807067552294,2.7788649706457926,-0.0005281299822624047,0.9767622807804542,-106.98855520136371,106.98855520136371
0.9029722253714001,1.004948913001462,2.8180039138943247,-0.0004236364370969964,0.9813599967677321,-109.2957497444169,109.2957497444169
0.9154270146868676,1.0048597623416287,2.857142857142857,-0.00035841477801034234,0.984229749767545,-111.59481174034012,111.59481174034012
0.9278818040023352,1.0047098481163823,2.8962818003913893,-0.0003273054200926247,0.9855985615159245,-113.88420020606478,113.88420020606478
0.9403365933178028,1.0044956076367708,2.935420743639922,-0.0003254004334005859,0.9856823809303742,-116.16238927927597,116.16238927927597
0.9527913826332703,1.0042133443418209,2.974559686888454,-0.0003480596948463454,0.9846853734267608,-118.42787076133268,118.42787076133268
0.965246171948738,1.0038592519384466,3.0136986301369864,-0.0003909242118482963,0.982799334678675,-120.67915661908074,120.67915661908074
0.9777009612642056,1.0034294405801596,3.0528375733855184,-0.00044992664581511413,0.980203227584135,-122.91478143776666,122.91478143776666
0.9901557505796732,1.0029199651373828,3.091976516634051,-0.0005212990849812192,0.9770628402608263,-125.13330481747636,125.13330481747636
1.0026105398951408,1.0023302709778705,3.131115459882583,-0.0006015781364044146,0.9735305619982058,-127.33331370577324,127.33331370577324
1.0150653292106084,1.0017598248296236,3.1702544031311155,-0.0006876074259321796,0.9697452732589841,-129.51342465948747,129.51342465948747
1.0275201185260758,1.001253007067933,3.2093933463796476,-0.0007765376125151476,0.9658323450493335,-131.672286028912,131.672286028912
1.0399749078415435,1.0008056582352751,3.24853228962818,-0.0008658240392852341,0.9619037422714497,-133.8085800579913,133.8085800579913
1.052429697157011,1.0004136985895833,3.287671232876712,-0.0009532221582270853,0.9580582250380083,-135.92102489444207,135.92102489444207
1.0648844864724787,1.0000731469425799,3.3268101761252447,-0.0010367808779810687,0.954381641368833,-138.0083765041218,138.0083765041218
1.0773392757879463,0.9997801364077595,3.3659491193737767,-0.001114833995264028,0.9509473042083828,-140.06943048435505,140.06943048435505
1.089794065103414,0.9995309273696953,3.4050880626223092,-0.0011859898795414212,0.9478164453001775,-142.10302377134536,142.10302377134536
1.1022488544188815,0.9993219179557808,3.4442270058708413,-0.0012491195879083309,0.9450387381320334,-144.1080362372273,144.1080362372273
1.114703643734349,0.9991496522692371,3.483365949119374,-0.0013033435926318002,0.9426528819242008,-146.0833921727625,146.0833921727625
1.1271584330498166,0.9990108266180588,3.522504892367906,-0.001348017307485711,0.9406872384706287,-148.02806165213914,148.02806165213914
1.1396132223652842,0.9989022939561268,3.5616438356164384,-0.0013827156008995028,0.9391605135604219,-149.94106177680345,149.94106177680345
1.1520680116807518,0.9988210667332862,3.6007827788649704,-0.0014072164840887157,0.9380824747000965,-151.82145779572727,151.82145779572727
1.1645228009962194,0.9987643183358305,3.639921722113503,-0.0014214841607969137,0.9374546969249358,-153.66836409999954,153.66836409999954
1.176977590311687,0.9987293832829244,3.679060665362035,-0.001425651622128699,0.9372713286263372,-155.4809450901137,155.4809450901137
1.1894323796271546,0.9987137563315881,3.7181996086105675,-0.0014200029652780511,0.9375198695277658,-157.25841591481304,157.25841591481304
1.201887168942622,0.9987150906296083,3.7573385518590996,-0.0014049556088526402,0.9381819532104838,-159.00004308084223,159.00004308084223
1.2143419582580897,0.9987311950447374,3.796477495107632,-0.0013810425700713977,0.9392341269168585,-160.70514493343742,160.70514493343742
1.2267967475735573,0.9987600307873135,3.835616438356164,-0.0013488949604865315,0.9406486217385926,-162.37309200786976,162.37309200786976
1.239251536889025,0.9987997074339304,3.8747553816046967,-0.0013092248471766495,0.9423941067242274,-164.0033072528278,164.0033072528278
1.2517063262044925,0.9988484784501311,3.9138943248532287,-0.0012628086157067677,0.9444364209089022,-165.595266126891,165.595266126891
1.2641611155199601,0.9989047363018048,3.9530332681017613,-0.001210470959688121,0.9467392777737227,-167.14849656979908,167.14849656979908
1.2766159048354278,0.9989670072365557,3.9921722113502933,-0.0011530696096363742,0.9492649371759996,-168.6625788506638,168.6625788506638
1.2890706941508951,0.9990339458090288,4.031311154598826,-0.0010914809011605734,0.9519748403489348,-170.13714529569643,170.13714529569643
1.3015254834663628,0.9991043292167923,4.070450097847358,-0.0010265862694595045,0.9548302041437818,-171.57187989843493,171.57187989843493
1.3139802727818304,0.999177051506944,4.109589041095891,-0.0009592597437965289,0.9577925712729527,-172.96651781584723,172.96651781584723
1.326435062097298,0.9992511177071146,4.148727984344423,-0.0008903565022066696,0.9608243139029066,-174.32084475406162,174.32084475406162
1.3388898514127656,0.9993256379288572,4.187866927592955,-0.0008207025332948687,0.9638890885350258,-175.634696247826,175.634696247826
1.3513446407282332,0.9993998214857004,4.227005870841487,-0.0007510854387418543,0.9669522406953585,-176.90795683813099,176.90795683813099
1.3637994300437009,0.9994729710631455,4.26614481409002,-0.000682246397166008,0.9699811585246957,-178.1405591527366,178.1405591527366
1.3762542193591683,0.9995444769728855,4.305283757338552,-0.0006148732974141105,0.9729455749137791,-179.33248289462705,179.33248289462705
1.3887090086746359,0.9996138115191653,4.344422700587084,-0.0005495950372772679,0.9758178183598002,-180.48375374367387,180.48375374367387
1.4011637979901035,0.9996805235008508,4.383561643835616,-0.0004869769721517001,0.9785730132253252,-181.59444217702148,181.59444217702148
1.413618587305571,0.9997442328690193,4.422700587084149,-0.00042751748737596574,0.9811892305554575,-182.66466221390982,182.66466221390982
1.4260733766210387,0.9998046255561432,4.461839530332681,-0.0003716456579573248,0.9836475910498778,-183.69457009082967,183.69457009082967
1.4385281659365063,0.9998614484897418,4.500978473581213,-0.0003197199502183853,0.9859323221903911,-184.68436287305175,184.68436287305175
1.450982955251974,0.9999145048002145,4.540117416829745,-0.00027202791160980857,0.9880307718891684,-185.63427700869272,185.63427700869272
1.4634377445674414,0.9999636492298987,4.579256360078278,-0.00022878678759173077,0.9899333813459639,-186.54458683157395,186.54458683157395
1.475892533882909,1.000008783747768,4.61839530332681,-0.00019014499812148816,0.9916336200826545,-187.41560301919023,187.41560301919023
1.4883473231983766,1.0000498533720124,4.657534246575342,-0.00015618440092214,0.9931278863594258,-188.24767101214476,188.24767101214476
1.5008021125138442,1.0000868422006088,4.6966731898238745,-0.0001269232643582529,0.9944153763682368,-189.0411694014082,189.0411694014082
1.5132569018293118,1.0001197696482818,4.7358121330724074,-0.00010231986941376926,0.9954979257457941,-189.79650828974513,189.79650828974513
1.5257116911447794,1.0001486868865679,4.7749510763209395,-8.227665794374114e-5,0.9963798270504753,-190.51412763359804,190.51412763359804
1.538166480460247,1.0001736734824271,4.814090019569472,-6.664484303737695e-5,0.9970676269063554,-191.19449557164722,191.19449557164722
1.5506212697757145,1.0001948342295608,4.853228962818004,-5.522939695657141e-5,0.9975699065339109,-191.83810674616254,191.83810674616254
1.563076059091182,1.00021229616572,4.892367906066537,-4.779433266390201e-5,0.9978970493627883,-192.44548062313893,192.44548062313893
1.5755308484066497,1.0002262057683877,4.931506849315069,-4.406819638136232e-5,0.9980609993592201,-193.01715981705416,193.01715981705416
1.5879856377221173,1.0002367263206855,4.970645792563601,-4.374969087263747e-5,0.998075013601604,-193.5537084259182,193.5537084259182
1.600440427037585,1.000244035438803,5.009784735812133,-4.651335215755398e-5,0.9979534125050676,-194.05571038208467,194.05571038208467
1.6128952163530526,1.000248322752024,5.048923679060666,-5.2015206081524224e-5,0.9977113309324129,-194.5237678240808,194.5237678240808
1.6253500056685202,1.0002497877261936,5.088062622309198,-5.989833550498229e-5,0.9973644732377808,-194.95849949447603,194.95849949447603
1.6378047949839878,1.0002486376215074,5.12720156555773,-6.979829377297639e-5,0.9969288750739891,-195.36053916855602,195.36053916855602
1.6502595842994552,1.0002450855755691,5.166340508806262,-8.134830549594795e-5,0.9964206745581783,-195.73053411829906,195.73053411829906
1.6627143736149228,1.0002393488029402,5.205479452054795,-9.418420143907819e-5,0.9958558951366806,-196.06914361586513,196.06914361586513
1.6751691629303904,1.000231646902716,5.244618395303327,-0.00010794904039900594,0.9952502422224437,-196.37703748051277,196.37703748051277
1.687623952245858,1.0002222002661756,5.283757338551859,-0.00012229737726156644,0.9946189154004911,-196.65489467254343,196.65489467254343
1.7000787415613257,1.0002112285770615,5.322896281800391,-0.00013689914290246087,0.9939764377122917,-196.9034019375573,196.9034019375573
1.7125335308767933,1.0001989493977745,5.362035225048924,-0.00015144310813512002,0.9933365032420547,-197.12325250397225,197.12325250397225
1.724988320192261,1.0001855768354628,5.401174168297456,-0.00016563991045003657,0.9927118439401984,-197.31514483642303,197.31514483642303
1.7374431095077283,1.0001713202828875,5.440313111545988,-0.00017922462875402429,0.9921141163348229,-197.47978144731738,197.47978144731738
1.749897898823196,1.0001563832298133,5.47945205479452,-0.00019195889763616423,0.9915538085040088,-197.61786776848035,197.61786776848035
1.7623526881386635,1.0001409621417288,5.518590998043053,-0.00020363255879486824,0.9910401674130258,-197.73011108447338,197.73011108447338
1.7748074774541311,1.0001252454037066,5.557729941291585,-0.0002140648530965316,0.9905811464637526,-197.81721952882907,197.81721952882907
1.7872622667695988,1.0001094123284169,5.596868884540117,-0.00022310516224638787,0.990183372861159,-197.87990114409865,197.87990114409865
1.7997170560850664,1.0000936322284146,5.636007827788649,-0.00023063331418712933,0.9898521341757663,-197.91886300626794,197.91886300626794
1.812171845400534,1.0000780635541553,5.675146771037182,-0.0002365594710581198,0.9895913832734428,-197.9348104137646,197.9348104137646
1.8246266347160014,1.0000628531003883,5.714285714285714,-0.00024082362281109432,0.9894037605963119,-197.92844614094832,197.92844614094832
1.837081424031469,1.0000481352849955,5.7534246575342465,-0.00024339471335794975,0.9892906326122503,-197.90046975565681,197.90046975565681
1.8495362133469366,1.0000340315056138,5.7925636007827785,-0.00024426942939923,0.9892521451064339,-197.8515770000693,197.8515770000693
1.8619910026624042,1.0000206495808623,5.8317025440313115,-0.00024347068483265301,0.9892872898673633,-197.7824592338491,197.7824592338491
1.8744457919778719,1.0000080832842966,5.870841487279844,-0.0002410458358595176,0.9893939832221812,-197.69380293823903,197.69380293823903
1.8869005812933395,0.9999964119807255,5.909980430528376,-0.0002370646635909628,0.9895691548019976,-197.58628927951113,197.58628927951113
1.899355370608807,0.9999857003758412,5.949119373776908,-0.0002316171621084537,0.9898088448672281,-197.46059372990973,197.46059372990973
1.9118101599242745,0.999975998391616,5.988258317025441,-0.00022481117056389607,0.9901083084951886,-197.31738574398716,197.31738574398716
1.9242649492397421,0.9999673411811721,6.027397260273973,-0.00021676988802914255,0.9904621249267177,-197.157328488001,197.157328488001
1.9367197385552097,0.999959749298345,6.066536203522505,-0.0002076293094432926,0.9908643103844951,-196.98107861983564,196.98107861983564
1.9491745278706774,0.9999532290382329,6.105675146771037,-0.0001975356201844531,0.9913084327118841,-196.78928611671643,196.78928611671643
1.961629317186145,0.9999477729665702,6.14481409001957,-0.00018664258554047726,0.991787726236219,-196.58259414781745,196.58259414781745
1.9740841065016126,0.9999433606564946,6.183953033268102,-0.00017510896970477624,0.9922952053329899,-196.36163898870723,196.36163898870723
1.9865388958170802,0.9999399596530162,6.223091976516634,-0.000163096016915092,0.992823775255736,-196.12704997444672,196.12704997444672
1.9989936851325476,0.999937526685289,6.262230919765166,-0.00015076502502613034,0.9933663388988503,-195.87944948804238,195.87944948804238
2.0114484744480152,0.9999360091496553,6.301369863013699,-0.0001382750392025769,0.9939158982750866,-195.61945298086414,195.61945298086414
2.023903263763483,0.999935346857684,6.340508806262231,-0.00012578069058147826,0.994465649614415,-195.34766902156966,195.34766902156966
2.0363580530789505,0.9999354738456411,6.379647749510763,-0.00011343020172741203,0.9950090711239938,-195.06469937002453,195.06469937002453
2.048812842394418,0.9999363200491139,6.418786692759295,-0.00010136357753527209,0.995540002588448,-194.7711390726811,194.7711390726811
2.0612676317098857,0.9999378127962905,6.457925636007828,-8.971099696956571e-5,0.9960527161333391,-194.46757657586843,194.46757657586843
2.0737224210253533,0.9999398781279403,6.49706457925636,-7.859141771042873e-5,0.9965419776207411,-194.15459385345844,194.15459385345844
2.086177210340821,0.9999424419544035,6.536203522504892,-6.811140244890124e-5,0.9970030982922483,-193.83276654540498,193.83276654540498
2.0986319996562885,0.9999454310596981,6.575342465753424,-5.836417227906098e-5,0.9974319764197214,-193.5026641037029,193.5026641037029
2.111086788971756,0.9999487739629879,6.614481409001957,-4.942888941273414e-5,0.9978251288658397,-193.164849942384,193.164849942384
2.123541578287224,0.9999524016474771,6.653620352250489,-4.137016833072889e-5,0.998179712593448,-192.81988158825519,192.81988158825519
2.135996367602691,0.9999562481667356,6.692759295499021,-3.423781151798833e-5,0.9984935362932085,-192.46831082918777,192.46831082918777
2.1484511569181586,0.9999602511381736,6.731898238747553,-2.8066763139814297e-5,0.9987650624218481,-192.11068385688995,192.11068385688995
2.160905946233626,0.9999643521332084,6.771037181996086,-2.287727143061177e-5,0.9989934000570531,-191.74754140123054,191.74754140123054
2.173360735549094,0.9999684969733033,6.8101761252446185,-1.867524821013419e-5,0.9991782890787541,-191.37941885333402,191.37941885333402
2.1858155248645614,0.9999726359407806,6.8493150684931505,-1.5452811835042256e-5,0.9993200762792581,-191.00684637483263,191.00684637483263
2.198270314180029,0.9999767239129133,6.888454011741683,-1.3188998053163797e-5,0.9994196840856608,-190.63034899083883,190.63034899083883
2.2107251034954967,0.9999807204274508,6.9275929549902155,-1.185062166629295e-5,0.9994785726466832,-190.2504466643899,190.2504466643899
2.2231798928109643,0.9999845896873062,6.966731898238748,-1.1393270633817957e-5,0.9994986960921121,-189.86765435031566,189.86765435031566
2.235634682126432,0.9999883005117512,7.00587084148728,-1.1762413268584127e-5,0.9994824538161823,-189.4824820266908,189.4824820266908
2.2480894714418995,0.9999918262410186,7.045009784735812,-1.2894598489217444e-5,0.9994326376664744,-189.0954347022438,189.0954347022438
2.260544260757367,0.9999951446008157,7.084148727984345,-1.471872869655096e-5,0.9993523759373517,-188.70701239832195,188.70701239832195
2.2729990500728348,0.9999982375328063,7.123287671232877,-1.7157384729988236e-5,0.9992450750718805,-188.3177101042356,188.3177101042356
2.2854538393883024,1.0000010909967172,7.162426614481409,-2.0128182522059625e-5,0.9991143599690294,-187.92801770503561,187.92801770503561
2.29790862870377,1.0000036947492965,7.201565557729941,-2.354514149408934e-5,0.99896401377426,-187.53841988101277,187.53841988101277
2.310363418019237,1.0000060421049535,7.240704500978474,-2.732004540624222e-5,0.9987979180021254,-187.14939597844074,187.14939597844074
2.322818207334705,1.000008129682505,7.279843444227006,-3.1363777273705005e-5,0.998619993799957,-186.76141985131758,186.76141985131758
2.3352729966501724,1.0000099571420742,7.318982387475538,-3.5587611066175264e-5,0.9984341451130883,-186.3749596740949,186.3749596740949
2.34772778596564,1.0000115269158083,7.35812133072407,-3.990444419850106e-5,0.998244204455266,-185.99047772561136,185.99047772561136
2.3601825752811076,1.0000128439357305,7.397260273972603,-4.4229956271689777e-5,0.9980538819240456,-185.60843014467514,185.60843014467514
2.3726373645965753,1.0000139153616892,7.436399217221135,-4.8483681110798414e-5,0.9978667180311249,-185.2292666579565,185.2292666579565
2.385092153912043,1.0000147503120493,7.475538160469667,-5.258998084344305e-5,0.9976860408428885,-184.85343028107036,184.85343028107036
2.3975469432275105,1.0000153595994548,7.514677103718199,-5.6478912543284735e-5,0.9975149278480955,-184.48135699393168,184.48135699393168
2.410001732542978,1.0000157554736977,7.553816046966732,-6.008697980045339e-5,0.9973561728887801,-184.1134753916652,184.1134753916652
2.4224565218584457,1.0000159513734543,7.592954990215264,-6.335776344926356e-5,0.9972122584082324,-183.7502063125406,183.7502063125406
2.4349113111739134,1.0000159616883857,7.632093933463796,-6.624242755653254e-5,0.9970853331875126,-183.39196244458049,183.39196244458049
2.447366100489381,1.0000158015328613,7.671232876712328,-6.870009862735554e-5,0.9969771956603963,-183.0391479126566,183.0391479126566
2.4598208898048486,1.00001548653234,7.710371819960861,-7.069811779450048e-5,0.996889282817042,-182.69215784804302,182.69215784804302
2.472275679120316,1.000015032623218,7.749510763209393,-7.221216750145798e-5,0.9968226646299359,-182.35137794253734,182.35137794253734
2.4847304684357834,1.0000144558667876,7.788649706457925,-7.322627584603707e-5,0.9967780438627744,-182.01718398938908,182.01718398938908
2.497185257751251,1.000013772277741,7.8277886497064575,-7.373270330321535e-5,0.9967557610546586,-181.6899414133869,181.6899414133869
2.5096400470667186,1.0000129976675158,7.8669275929549904,-7.373171797547083e-5,0.9967558044090793,-181.37000479255914,181.37000479255914
2.5220948363821862,1.0000121475026156,7.9060665362035225,-7.323126681194288e-5,0.9967778242602745,-181.0577173740222,181.0577173740222
2.534549625697654,1.0000112367779077,7.945205479452055,-7.22465513817632e-5,0.9968211517392024,-180.75341058658537,180.75341058658537
2.5470044150131215,1.0000102799047814,7.984344422700587,-7.079951777257834e-5,0.9968848212180066,-180.45740355276925,180.45740355276925
2.559459204328589,1.0000092906139373,8.023483365949119,-6.891827100454168e-5,0.9969675960758002,-180.170002602938,180.170002602938
2.5719139936440567,1.0000082818724765,8.062622309197652,-6.663642499851876e-5,0.9970679973000651,-179.89150079426415,179.89150079426415
2.5843687829595243,1.0000072658148875,8.101761252446185,-6.399239961193541e-5,0.9971843344170749,-179.62217743725358,179.62217743725358
2.596823572274992,1.000006253687429,8.140900195694716,-6.102867655686457e-5,0.997314738231498,-179.3622976325483,179.3622976325483
2.6092783615904596,1.0000052558053627,8.180039138943249,-5.779102614426378e-5,0.9974571948496523,-179.11211182070073,179.11211182070073
2.621733150905927,1.0000042815224164,8.219178082191782,-5.4327716760659685e-5,0.997609580462531,-178.87185534757361,178.87185534757361
2.634187940221395,1.0000033392118197,8.258317025440313,-5.068871878481186e-5,0.9977696963734682,-178.6417480479654,178.6417480479654
2.6466427295368624,1.0000024362582103,8.297455968688846,-4.6924914300954174e-5,0.997935303770758,-178.42199384999228,178.42199384999228
2.6590975188523296,1.0000015790596701,8.336594911937377,-4.3087323471546135e-5,0.9981041577672519,-178.21278040267612,178.21278040267612
2.671552308167797,1.000000773039134,8.37573385518591,-3.922635780826793e-5,0.9982740402564362,-178.0142787290904,178.0142787290904
2.684007097483265,1.000000022664389,8.414872798434443,-3.539110983776928e-5,0.9984427911671382,-177.82664290730978,177.82664290730978
2.6964618867987324,0.9999993314758627,8.454011741682974,-3.1628687812853516e-5,0.9986083377362345,-177.65000978128674,177.65000978128674
2.7089166761142,0.999998702121406,8.493150684931507,-2.7983603185166257e-5,0.9987687214598527,-177.4844987036479,177.4844987036479
2.7213714654296677,0.9999981363972543,8.53228962818004,-2.449721754796959e-5,0.9989221224278894,-177.3302113122603,177.3302113122603
2.7338262547451353,0.999997635294371,8.571428571428571,-2.1207254693026887e-5,0.9990668807935068,-177.18723134226724,177.18723134226724
2.746281044060603,0.9999971990493699,8.610567514677104,-1.8147382320801212e-5,0.9992015151778847,-177.05562447513026,177.05562447513026
2.7587358333760705,0.9999968271992354,8.649706457925635,-1.5346866814132843e-5,0.9993247378601782,-176.93543822604965,176.93543822604965
2.771190622691538,0.9999965186390695,8.688845401174168,-1.2830303348528809e-5,0.9994354666526647,-176.82670187095644,176.82670187095644
2.7836454120070058,0.9999962716821162,8.727984344422701,-1.0617422483151453e-5,0.9995328334107413,-176.72942641409264,176.72942641409264
2.7961002013224734,0.9999960841213382,8.767123287671232,-8.72297327013514e-6,0.9996161891761141,-176.6436045970067,176.6436045970067
2.808554990637941,0.9999959532918489,8.806262230919765,-7.156681850919958e-6,0.9996851059985595,-176.56921094960504,176.56921094960504
2.8210097799534086,0.9999958761335334,8.845401174168298,-5.923283489616136e-6,0.9997393755264569,-176.50620188370632,176.50620188370632
2.8334645692688762,0.9999958492532302,8.88454011741683,-5.0226250377487204e-6,0.999779004498339,-176.45451582935257,176.45451582935257
2.8459193585843434,0.9999958689858757,8.923679060665362,-4.449833942589061e-6,0.9998042073065261,-176.41407341393565,176.41407341393565
2.858374147899811,0.9999959314540682,8.962818003913894,-4.195549112677065e-6,0.9998153958390422,-176.384777684004,176.384777684004
2.8708289372152787,0.9999960326255402,9.001956947162427,-4.246208247058214e-6,0.9998131668371294,-176.36651436942205,176.36651436942205
2.8832837265307463,0.9999961683680809,9.04109589041096,-4.5843856258266994e-6,0.9997982870324637,-176.35915218936347,176.35915218936347
2.895738515846214,0.9999963345015053,9.08023483365949,-5.189173854241651e-6,0.9997716763504134,-176.3625431994321,176.3625431994321
2.9081933051616815,0.9999965268463062,9.119373776908024,-6.036602654127862e-6,0.9997343894832184,-176.37652317902345,176.37652317902345
2.920648094477149,0.9999967412686938,9.158512720156557,-7.100087506773786e-6,0.9996875961497019,-176.40091205785893,176.40091205785893
2.9331028837926167,0.9999969737217742,9.197651663405088,-8.350900771611661e-6,0.9996325603660491,-176.43551438045648,176.43551438045648
2.9455576731080844,0.9999972202826758,9.23679060665362,-9.758657833130945e-6,0.9995706190553423,-176.48011980713437,176.48011980713437
2.958012462423552,0.9999974771854971,9.275929549902152,-1.1291810862962093e-5,0.9995031603220297,-176.534503649989,176.534503649989
2.9704672517390196,0.999997740849994,9.315068493150685,-1.2918142920248345e-5,0.999431601711509,-176.59842744213927,176.59842744213927
2.982922041054487,0.9999980079059941,9.354207436399218,-1.460525534684511e-5,0.9993573687647388,-176.67163953838977,176.67163953838977
2.995376830369955,0.9999982752135712,9.393346379647749,-1.6321041737767947e-5,0.9992818741635382,-176.75387574533713,176.75387574533713
3.0078316196854225,0.9999985398790676,9.432485322896282,-1.8034142174628347e-5,0.9992064977443164,-176.84485997882197,176.84485997882197
3.0202864090008896,0.9999987992671009,9.471624266144815,-1.9714371892177726e-5,0.9991325676367442,-176.9443049465248,176.9443049465248
3.0327411983163572,0.9999990510087311,9.510763209393346,-2.1333119096458072e-5,0.9990613427597559,-177.0519128534022,177.0519128534022
3.045195987631825,0.9999992930060051,9.549902152641879,-2.2863707257999604e-5,0.998993996880648,-177.16737612757947,177.16737612757947
3.0576507769472925,0.9999995234331196,9.58904109589041,-2.4281717854534794e-5,0.9989316044144004,-177.2903781642382,177.2903781642382
3.07010556626276,0.9999997407344683,9.628180039138943,-2.556527022473225e-5,0.9988751281101118,-177.42059408498065,177.42059408498065
3.0825603555782277,0.9999999436198577,9.667318982387476,-2.6695255906624583e-5,0.9988254087401085,-177.5576915101001,177.5576915101001
3.0950151448936953,1.0000001310571773,9.706457925636007,-2.7655525561100423e-5,0.9987831568753116,-177.70133134115537,177.70133134115537
3.107469934209163,1.0000003022628297,9.74559686888454,-2.843302731157255e-5,0.9987489467982908,-177.8511685512205,177.8511685512205
3.1199247235246306,1.0000004566902052,9.784735812133073,-2.9017896055495533e-5,0.9987232125735582,-178.0068529801724,178.0068529801724
3.132379512840098,1.0000005940165104,9.823874755381604,-2.9403494011602736e-5,0.9987062462634895,-178.16803013238166,178.16803013238166
3.144834302155566,1.0000007141282226,9.863013698630137,-2.9586403449796128e-5,0.9986981982482089,-178.33434197418515,178.33434197418515
3.1572890914710334,1.0000008171054589,9.902152641878669,-2.9566373199073114e-5,0.9986990795792408,-178.505427728547,178.505427728547
3.169743880786501,1.0000009032055175,9.941291585127201,-2.9346221135390117e-5,0.9987087662700428,-178.68092466435263,178.68092466435263
3.1821986701019687,1.0000009728458459,9.980430528375734,-2.8931695408313316e-5,0.9987270054020342,-178.8604688778321,178.8604688778321
3.194653459417436,1.0000010265866723,10.019569471624266,-2.8331297666641997e-5,0.9987534229026678,-179.04369606366896,179.04369606366896
3.2071082487329035,1.0000010651135147,10.058708414872799,-2.7556071983386386e-5,0.998787532832731,-179.23024227342572,179.23024227342572
3.219563038048371,1.0000010892197713,10.097847358121331,-2.6619363555527548e-5,0.9988287480035568,-179.41974465899682,179.41974465899682
3.2320178273638387,1.000001099789573,10.136986301369863,-2.5536551560037756e-5,0.9988763917313583,-179.61184219889608,179.61184219889608
3.2444726166793063,1.0000010977810616,10.176125244618396,-2.4324760783196796e-5,0.9989297105255394,-179.80617640528425,179.80617640528425
3.256927405994774,1.0000010842102374,10.215264187866927,-2.3002556803226065e-5,0.998987887500658,-180.00239200975378,180.00239200975378
3.2693821953102415,1.000001060135503,10.25440313111546,-2.158962959736958e-5,0.9990500562977157,-180.20013762600664,180.20013762600664
3.281836984625709,1.00000102664301,10.293542074363993,-2.0106470463860154e-5,0.9991153152995902,-180.39906638768528,180.39906638768528
3.294291773941177,1.000000984832898,10.332681017612524,-1.857404709910006e-5,0.9991827419276396,-180.5988365597484,180.5988365597484
3.3067465632566444,1.0000009358064987,10.371819960861057,-1.7013481553273946e-5,0.9992514068116559,-180.79911212192212,180.79911212192212
3.319201352572112,1.0000008806545613,10.41095890410959,-1.5445735607098318e-5,0.9993203876332877,-180.99956332289656,180.99956332289656
3.3316561418875796,1.000000820446539,10.450097847358121,-1.3891307873024075e-5,0.999388782453587,-181.19986720408767,181.19986720408767
3.3441109312030473,1.000000756220962,10.489236790606654,-1.2369946630738894e-5,0.9994557223482475,-181.39970809193017,181.39970809193017
3.356565720518515,1.0000006889769117,10.528375733855185,-1.0900382065213731e-5,0.9995203831891306,-181.5987780578226,181.5987780578226
3.369020509833982,1.0000006196665925,10.567514677103718,-9.50008119172308e-6,0.9995819964275642,-181.79677734499722,181.79677734499722
3.3814752991494497,1.0000005491889934,10.606653620352251,-8.185028333035442e-6,0.9996398587533465,-181.993414761742,181.993414761742
3.3939300884649173,1.0000004783846126,10.645792563600782,-6.9695335660212876e-6,0.9996933405230951,-182.18840804055907,182.18840804055907
3.406384877780385,1.0000004080312206,10.684931506849315,-5.866071085606412e-6,0.9997418928722334,-182.381484162994,182.381484162994
3.4188396670958525,1.0000003388406145,10.724070450097848,-4.885148950321595e-6,0.9997850534461858,-182.57237965002588,182.57237965002588
3.43129445641132,1.000000271456324,10.76320939334638,-4.035211182952305e-6,0.9998224507079501,-182.7608408180553,182.7608408180553
3.4437492457267878,1.0000002064522158,10.802348336594912,-3.3225727090870104e-6,0.9998538068008002,-182.94662400067725,182.94662400067725
3.4562040350422554,1.0000001443319333,10.841487279843443,-2.7513871326622217e-6,0.9998789389661629,-183.12949573656653,183.12949573656653
3.468658824357723,1.000000085529119,10.880626223091976,-2.323646877443364e-6,0.9998977595373925,-183.30923292394192,183.30923292394192
3.4811136136731906,1.0000000304083496,10.91976516634051,-2.039214773039456e-6,0.9999102745499863,-183.48562294221142,183.48562294221142
3.4935684029886582,0.9999999792667194,10.95890410958904,-1.8958857394832367e-6,0.9999165810274627,-183.65846374152568,183.65846374152568
3.506023192304126,0.9999999323360041,10.998043052837573,-1.8894768305987258e-6,0.9999168630194537,-183.82756390108892,183.82756390108892
3.5184779816195935,0.9999998897853384,11.037181996086106,-2.013943538480255e-6,0.9999113864843069,-183.99274265719316,183.99274265719316
3.530932770935061,0.9999998517243355,11.076320939334638,-2.2615199429606726e-6,0.9999004931225097,-184.1538299020454,184.1538299020454
3.5433875602505283,0.999999818206586,11.11545988258317,-2.622880014961431e-6,0.9998845932793416,-184.3106661545598,184.3106661545598
3.555842349565996,0.9999997892334686,11.154598825831702,-3.087317153348379e-6,0.9998641580452526,-184.46310250437668,184.46310250437668
3.5682971388814635,0.999999764758207,11.193737769080235,-3.642938853508544e-6,0.9998397106904456,-184.61100053045234,184.61100053045234
3.580751928196931,0.9999997446901153,11.232876712328768,-4.276873273810212e-6,0.9998118175759524,-184.7542321956392,184.7542321956392
3.5932067175123987,0.999999728898971,11.272015655577299,-4.975484383598724e-6,0.9997810786871216,-184.89267971873932,184.89267971873932
3.6056615068278663,0.9999997172194622,11.311154598825832,-5.724592343490018e-6,0.9997481179368864,-185.02623542556938,185.02623542556938
3.618116296143334,0.999999709455654,11.350293542074365,-6.509695784551306e-6,0.9997135733854797,-185.15480158062272,185.15480158062272
3.6305710854588016,0.9999997053854323,11.389432485322896,-7.316192715932262e-6,0.999678087520499,-185.27829020094987,185.27829020094987
3.643025874774269,0.999999704764874,11.428571428571429,-8.129596898545322e-6,0.999642297736464,-185.3966228539053,185.3966228539053
3.655480664089737,0.9999997073325088,11.46771037181996,-8.935746672730847e-6,0.9996068271463998,-185.50973044042757,185.50973044042757
3.6679354534052044,0.9999997128134355,11.506849315068493,-9.721003417171869e-6,0.9995722758496445,-185.6175529655262,185.6175529655262
3.680390242720672,0.9999997209232602,11.545988258317026,-1.0472437041137378e-5,0.99953921277019,-185.72003929764853,185.72003929764853
3.6928450320361397,0.9999997313718294,11.585127201565557,-1.1177996168007922e-5,0.9995081681686077,-185.81714691858977,185.81714691858977
3.7052998213516073,0.9999997438667376,11.62426614481409,-1.1826660950794285e-5,0.999479626918165,-185.90884166559002,185.90884166559002
3.717754610667075,0.9999997581165857,11.663405088062623,-1.2408576765110876e-5,0.9994540226223351,-185.99509746723322,185.99509746723322
3.730209399982542,0.9999997738339791,11.702544031311154,-1.2915167346956666e-5,0.9994317326367339,-186.07589607472923,186.07589607472923
3.7426641892980097,0.9999997907382527,11.741682974559687,-1.3339226276685329e-5,0.9994130740438258,-186.15122679011358,186.15122679011358
3.7551189786134773,0.9999998085579143,11.780821917808218,-1.3674986051627643e-5,0.9993983006137284,-186.22108619285115,186.22108619285115
3.767573767928945,0.9999998270328038,11.819960861056751,-1.3918164332879755e-5,0.9993876007693533,-186.28547786626658,186.28547786626658
3.7800285572444126,0.9999998459159678,11.859099804305284,-1.4065987291875971e-5,0.9993810965591574,-186.344412125165,186.344412125165
3.79248334655988,0.9999998649752492,11.898238747553815,-1.4117190314916972e-5,0.9993788436261436,-186.39790574592917,186.39790574592917
3.804938135875348,0.9999998839945993,11.937377690802348,-1.4071996643872472e-5,0.9993808321476696,-186.44598170030693,186.44598170030693
3.8173929251908154,0.999999902775119,11.976516634050881,-1.3932074835043813e-5,0.9993869887072581,-186.4886688940168,186.4886688940168
3.829847714506283,0.9999999211358376,12.015655577299412,-1.3700476201420408e-5,0.9993971790471375,-186.52600191121664,186.52600191121664
3.8423025038217506,0.9999999389142445,12.054794520547945,-1.3381553662882262e-5,0.9994112116388332,-186.55802076578647,186.55802076578647
3.8547572931372183,0.9999999559665826,12.093933463796478,-1.2980863661142602e-5,0.9994288419989097,-186.58477066028408,186.58477066028408
3.867212082452686,0.9999999721679218,12.13307240704501,-1.250505299887974e-5,0.9994497776680493,-186.60630175333642,186.60630175333642
3.8796668717681535,0.9999999874120274,12.172211350293543,-1.1961732633175934e-5,0.9994736837641403,-186.62266893612926,186.62266893612926
3.892121661083621,1.0000000016110409,12.211350293542074,-1.1359340590744e-5,0.9995001890140073,-186.6339316185587,186.6339316185587
3.9045764503990883,1.0000000146949908,12.250489236790607,-1.0706996274994252e-5,0.9995288921639003,-186.6401535255073,186.6401535255073
3.917031239714556,1.000000026611151,12.28962818003914,-1.0014348502521608e-5,0.999559368665889,-186.6414025036055,186.6414025036055
3.9294860290300235,1.0000000373232674,12.32876712328767,-9.291419638632048e-6,0.9995911775359002,-186.63775033873958,186.63775033873958
3.941940818345491,1.000000046810667,12.367906066536204,-8.548448198858217e-6,0.9996238682792502,-186.62927258446683,186.62927258446683
3.9543956076609588,1.0000000550672739,12.407045009784737,-7.79573224649183e-6,0.9996569877811543,-186.61604840140038,186.61604840140038
3.9668503969764264,1.0000000621005432,12.446183953033268,-7.043475846907352e-6,0.9996900870627361,-186.59816040753108,186.59816040753108
3.979305186291894,1.0000000679303367,12.4853228962818,-6.301640738990047e-6,0.9997227278074844,-186.57569453935983,186.57569453935983
3.9917599756073616,1.0000000725877514,12.524461839530332,-5.579805255223858e-6,0.9997544885687701,-186.54873992362437,186.54873992362437
4.004214764922829,1.000000076113921,12.563600782778865,-4.887032366738116e-6,0.9997849705758636,-186.51738875931676,186.51738875931676
4.016669554238296,1.0000000785588028,12.602739726027398,-4.231748551480225e-6,0.9998138030637349,-186.48173620960924,186.48173620960924
4.0291243435537645,1.0000000799799653,12.641878669275929,-3.621634985056759e-6,0.9998406480606575,-186.44188030322292,186.44188030322292
4.041579132869232,1.0000000804413893,12.681017612524462,-3.0635323385830574e-6,0.9998652045771024,-186.39792184470954,186.39792184470954
4.0540339221847,1.0000000800122923,12.720156555772995,-2.563360239257309e-6,0.9998872121494726,-186.34996433304033,186.34996433304033
4.066488711500167,1.0000000787659893,12.759295499021526,-2.126052211063169e-6,0.9999064537027132,-186.29811388784324,186.29811388784324
4.078943500815635,1.0000000767787995,12.798434442270059,-1.7555066685772792e-6,0.9999227577065826,-186.2424791825692,186.2424791825692
4.091398290131102,1.0000000741290034,12.83757338551859,-1.454554290117138e-6,0.9999359996112348,-186.1831713838219,186.1831713838219
4.10385307944657,1.0000000708958623,12.876712328767123,-1.2249418507877875e-6,0.9999461025585653,-186.12030409604273,186.12030409604273
4.116307868762037,1.0000000671587015,12.915851272015656,-1.0673323551459703e-6,0.9999530373763735,-186.05399331070666,186.05399331070666
4.128762658077505,1.0000000629960644,12.954990215264187,-9.813210762210968e-7,0.9999568218726462,-185.98435735915737,185.98435735915737
4.141217447392973,1.0000000584849418,12.99412915851272,-9.65466886041951e-7,0.9999575194570142,-185.91151686818642,185.91151686818642
4.153672236708441,1.0000000537000748,13.033268101761253,-1.0173380552380367e-6,0.9999552371255696,-185.8355947174484,185.8355947174484
4.166127026023908,1.0000000487133378,13.072407045009784,-1.1335715085061998e-6,0.9999501228536257,-185.75671599779548,185.75671599779548
4.178581815339375,1.000000043593198,13.111545988258317,-1.3099443511131852e-6,0.9999423624485511,-185.67500796961312,185.67500796961312
4.191036604654843,1.000000038404254,13.150684931506849,-1.5414563311073344e-6,0.9999321759214312,-185.59060002024688,185.59060002024688
4.20349139397031,1.0000000332068508,13.189823874755382,-1.8224217743106075e-6,0.9999198134419304,-185.50362361962115,185.50362361962115
4.215946183285778,1.0000000280567691,13.228962818003914,-2.1465694256321113e-6,0.9999055509452722,-185.41421227317136,185.41421227317136
4.2284009726012455,1.000000023004987,13.268101761252446,-2.507148551797772e-6,0.9998896854637209,-185.3225014712366,185.3225014712366
4.2408557619167135,1.0000000180975115,13.307240704500979,-2.8970396078823192e-6,0.9998725302572532,-185.2286286340915,185.2286286340915
4.253310551232181,1.0000000133752758,13.346379647749512,-3.308867742930668e-6,0.9998544098193111,-185.13273305183546,185.13273305183546
4.265765340547649,1.0000000088740966,13.385518590998043,-3.7351174186597945e-6,0.999835654833579,-185.0349558183986,185.0349558183986
4.278220129863116,1.0000000046246906,13.424657534246576,-4.168246438796109e-6,0.999816597156693,-184.9354397589751,184.9354397589751
4.290674919178584,1.0000000006527432,13.463796477495107,-4.6007977344655154e-6,0.9997975648996835,-184.834329350247,184.834329350247
4.303129708494051,0.9999999969790234,13.50293542074364,-5.025507321578461e-6,0.9997788776778506,-184.73177063282017,184.73177063282017
4.315584497809519,0.9999999936195445,13.542074363992173,-5.435406938339376e-6,0.999760842094713,-184.62791111535762,184.62791111535762
4.328039287124986,0.9999999905857605,13.581213307240704,-5.8239199823655634e-6,0.9997437475207759,-184.52289966995855,184.52289966995855
4.340494076440454,0.9999999878847964,13.620352250489237,-6.184949496110447e-6,0.9997278622221711,-184.41688641840594,184.41688641840594
4.352948865755922,0.999999985519706,13.65949119373777,-6.51295709345539e-6,0.9997134298878879,-184.31002260897276,184.31002260897276
4.365403655071389,0.9999999834897536,13.698630136986301,-6.803031877462305e-6,0.9997006665973917,-184.2024604835543,184.2024604835543
4.377858444386857,0.9999999817907126,13.737769080234834,-7.050948566642998e-6,0.9996897582630677,-184.09435313496977,184.09435313496977
4.390313233702324,0.9999999804151796,13.776908023483365,-7.253214221984544e-6,0.9996808585742327,-183.98585435435396,183.98585435435396
4.402768023017792,0.9999999793528961,13.816046966731898,-7.4071031469379195e-6,0.9996740874615347,-183.87711846863886,183.87711846863886
4.415222812333259,0.9999999785910773,13.855185909980431,-7.510679714549682e-6,0.9996695300925598,-183.7683001682025,183.7683001682025
4.427677601648727,0.9999999781147407,13.894324853228962,-7.562809057579154e-6,0.9996672364014665,-183.6595543248432,183.6595543248432
4.4401323909641945,0.9999999779070337,13.933463796477495,-7.563155735909695e-6,0.99966722114762,-183.55103580031374,183.55103580031374
4.452587180279663,0.9999999779495549,13.972602739726028,-7.512170668481514e-6,0.9996694644905868,-183.44289924572774,183.44289924572774
4.46504196959513,0.9999999782226677,14.01174168297456,-7.411066781854753e-6,0.9996739130615984,-183.3352988922261,183.3352988922261
4.477496758910598,0.9999999787058028,14.050880626223092,-7.261783982281143e-6,0.9996804815047796,-183.22838833336303,183.22838833336303
4.489951548226065,0.9999999793777463,14.090019569471623,-7.066944200586702e-6,0.9996890544551742,-183.12232029974484,183.12232029974484
4.502406337541533,0.9999999802169139,14.129158512720156,-6.82979738778047e-6,0.9996994889149377,-183.01724642651956,183.01724642651956
4.514861126857,0.9999999812016073,14.16829745596869,-6.55415945209153e-6,0.9997116169841079,-182.91331701438082,182.91331701438082
4.527315916172467,0.9999999823102513,14.20743639921722,-6.244343224327457e-6,0.9997252488981296,-182.8106807848123,182.8106807848123
4.5397707054879355,0.9999999835216133,14.246575342465754,-5.905083616534836e-6,0.9997401763208724,-182.70948463035143,182.70948463035143
4.552225494803403,0.9999999848150009,14.285714285714286,-5.541458198517662e-6,0.9997561758392652,-182.60987336070727,182.60987336070727
4.564680284118871,0.9999999861704383,14.324853228962818,-5.158804457179059e-6,0.9997730126038841,-182.51198944561273,182.51198944561273
4.577135073434338,0.9999999875688236,14.36399217221135,-4.762635024816681e-6,0.999790444058908,-182.41597275533368,182.41597275533368
4.589589862749806,0.9999999889920627,14.403131115459882,-4.3585521644357694e-6,0.9998082237047649,-182.32196029979622,182.32196029979622
4.602044652065273,0.9999999904231835,14.442270058708415,-3.95216278339829e-6,0.9998261048375304,-182.2300859673229,182.2300859673229
4.614499441380741,0.9999999918464296,14.481409001956948,-3.5489952116691327e-6,0.9998438442106865,-182.14048026399703,182.14048026399703
4.626954230696208,0.999999993247333,14.520547945205479,-3.15441892874326e-6,0.9998612055671353,-182.05327005469212,182.05327005469212
4.639409020011676,0.9999999946127686,14.559686888454012,-2.7735683549549934e-6,0.999877962992382,-181.9685783068198,181.9685783068198
4.651863809327144,0.9999999959309903,14.598825831702545,-2.4112717396688326e-6,0.9998939040434546,-181.88652383785657,181.88652383785657
4.664318598642612,0.9999999971916494,14.637964774951076,-2.071986082432808e-6,0.999908832612373,-181.8072210677128,181.8072210677128
4.676773387958079,0.9999999983857971,14.677103718199609,-1.7597389150413279e-6,0.9999225714877382,-181.7307797770029,181.7307797770029
4.689228177273547,0.9999999995058716,14.71624266144814,-1.478077654668031e-6,0.9999349645831946,-181.65730487226733,181.65730487226733
4.701682966589014,1.0000000005456726,14.755381604696673,-1.2300271123640672e-6,0.999945878807056,-181.58689615917933,181.58689615917933
4.714137755904481,1.000000001500322,14.794520547945206,-1.0180556097048678e-6,0.999955205553173,-181.51964812474955,181.51964812474955
4.726592545219949,1.0000000023662154,14.833659491193737,-8.440500207630014e-7,0.9999628617990864,-181.45564972951385,181.45564972951385
4.7390473345354165,1.000000003140962,14.87279843444227,-7.092999193319206e-7,0.9999687908035494,-181.39498421065665,181.39498421065665
4.7515021238508846,1.000000003823317,14.911937377690803,-6.144908742438244e-7,0.9999729624015332,-181.33772889698452,181.33772889698452
4.763956913166352,1.000000004413108,14.951076320939334,-5.597068007416009e-7,0.9999753729007673,-181.2839550366208,181.2839550366208
4.77641170248182,1.000000004911155,14.990215264187867,-5.444411450880316e-7,0.9999760445896161,-181.23372763824494,181.23372763824494
4.788866491797287,1.0000000053191846,15.029354207436398,-5.676165549239983e-7,0.9999750248715833,-181.1871053266469,181.1871053266469
4.801321281112755,1.0000000056397444,15.068493150684931,-6.276125705224813e-7,0.999972385046897,-181.14414021330964,181.14414021330964
4.813776070428222,1.0000000058761118,15.107632093933464,-7.223007643312165e-7,0.9999682187663694,-181.10487778267236,181.10487778267236
4.82623085974369,1.0000000060322052,15.146771037181995,-8.490866585842101e-7,0.9999626401870223,-181.06935679466375,181.06935679466375
4.838685649059157,1.0000000061124923,15.185909980430528,-1.004957665298265e-6,0.9999557818627268,-181.03760920402271,181.03760920402271
4.8511404383746255,1.0000000061219019,15.225048923679061,-1.1865362199883263e-6,0.9999477924063205,-181.0096600968593,181.0096600968593
4.863595227690093,1.0000000060657366,15.264187866927593,-1.3901372212151469e-6,0.9999388339622666,-180.985527644829,180.985527644829
4.87605001700556,1.000000005949588,15.303326810176126,-1.6118288429917057e-6,0.9999290795309084,-180.96522307722446,180.96522307722446
4.888504806321028,1.000000005779255,15.342465753424657,-1.8474957564338898e-6,0.999918710186717,-180.94875067120702,180.94875067120702
4.900959595636495,1.000000005560669,15.38160469667319,-2.0929037812744433e-6,0.999907912233624,-180.93610776032423,180.93610776032423
4.913414384951963,1.0000000052998184,15.420743639921723,-2.343764986565572e-6,0.9998968743405912,-180.92728476138245,180.92728476138245
4.92586917426743,1.0000000050026823,15.459882583170254,-2.5958022729863715e-6,0.9998857846999886,-180.92226521966083,180.92226521966083
4.938323963582898,1.0000000046751687,15.499021526418787,-2.8448124963130196e-6,0.9998748282501623,-180.92102587237576,180.92102587237576
4.9507787528983656,1.0000000043230555,15.53816046966732,-3.086727231665631e-6,0.9998641840018068,-180.92353673022805,180.92353673022805
4.963233542213834,1.000000003951942,15.57729941291585,-3.3176703308517443e-6,0.9998540225054425,-180.9297611767818,180.9297611767818
4.975688331529301,1.0000000035672019,15.616438356164384,-3.5340114890348643e-6,0.9998445034944825,-180.93965608535535,180.93965608535535
4.988143120844769,1.000000003173943,15.655577299412915,-3.7324151110809254e-6,0.9998357737351125,-180.95317195302184,180.95317195302184
5.000597910160236,1.0000000027769753,15.694716242661448,-3.909883851003663e-6,0.9998279651105558,-180.97025305125086,180.97025305125086
5.013052699475704,1.0000000023807818,15.733855185909981,-4.063796288554446e-6,0.9998211929633036,-180.9908375926487,180.9908375926487
5.025507488791171,1.0000000019894955,15.772994129158512,-4.191938303607416e-6,0.9998155547146412,-181.0148579131891,181.0148579131891
5.037962278106639,1.0000000016068844,15.812133072407045,-4.292527810199927e-6,0.9998111287763513,-181.042240669263,181.042240669263
5.0504170674221065,1.000000001236337,15.851272015655578,-4.364232616274422e-6,0.999807973764884,-181.0729070488125,181.0729070488125
5.062871856737574,1.0000000008808578,15.89041095890411,-4.406181280680978e-6,0.99980612802365,-181.10677299576182,181.10677299576182
5.075326646053042,1.0000000005430625,15.929549902152642,-4.417966944416138e-6,0.9998056094544457,-181.1437494469023,181.1437494469023
5.087781435368509,1.000000000225182,15.968688845401173,-4.399644216704633e-6,0.999806415654465,-181.18374258034103,181.18374258034103
5.100236224683977,0.9999999999290669,16.007827788649706,-4.351719297081235e-6,0.9998085243509284,-181.2266540745805,181.2266540745805
5.112691013999444,0.9999999996561968,16.046966731898237,-4.275133610413592e-6,0.9998118941211418,-181.27238137725575,181.27238137725575
5.125145803314912,0.9999999994076939,16.086105675146772,-4.171241321931531e-6,0.999816465381835,-181.32081798252415,181.32081798252415
5.137600592630379,0.9999999991843372,16.125244618395303,-4.041781182057209e-6,0.9998221616279895,-181.37185371607268,181.37185371607268
5.150055381945847,0.9999999989865812,16.164383561643834,-3.888843225647261e-6,0.9998288908980715,-181.4253750266821,181.4253750266821
5.162510171261315,0.9999999988145751,16.20352250489237,-3.7148309157512954e-6,0.999836547439707,-181.48126528327722,181.48126528327722
5.174964960576783,0.9999999986681849,16.2426614481409,-3.522419377721255e-6,0.9998450135473803,-181.53940507636597,181.53940507636597
5.18741974989225,0.9999999985470163,16.28180039138943,-3.3145104146455226e-6,0.9998541615417555,-181.59967252277926,181.59967252277926
5.199874539207718,0.999999998450438,16.320939334637966,-3.094185029219797e-6,0.9998638558587143,-181.66194357260503,181.66194357260503
5.212329328523185,0.9999999983776072,16.360078277886497,-2.864654200095101e-6,0.9998739552151958,-181.72609231722808,181.72609231722808
5.224784117838653,0.999999998327494,16.39921722113503,-2.6292086721820882e-6,0.999884314818424,-181.79199129738285,181.79199129738285
5.23723890715412,0.9999999982989066,16.438356164383563,-2.391168520585325e-6,0.9998947885850943,-181.85951181015093,181.85951181015093
5.2496936964695875,0.9999999982905163,16.477495107632095,-2.1538332367297844e-6,0.9999052313375839,-181.92852421384512,181.92852421384512
5.262148485785056,0.9999999983008815,16.516634050880626,-1.9204330635742435e-6,0.9999155009452028,-181.998898229754,181.998898229754
5.274603275100523,0.9999999983284716,16.555772994129157,-1.6940822746612446e-6,0.9999254603799149,-182.07050323973968,182.07050323973968
5.287058064415991,0.9999999983716905,16.59491193737769,-1.4777350501766745e-6,0.9999349796577922,-182.14320857872625,182.14320857872625
5.299512853731458,0.9999999984288974,16.634050880626223,-1.2741445527546238e-6,0.9999439376396788,-182.21688382114007,182.21688382114007
5.311967643046926,0.9999999984984279,16.673189823874754,-1.0858257473509266e-6,0.9999522236671166,-182.29139906041985,182.29139906041985
5.324422432362393,0.9999999985786137,16.71232876712329,-9.150224443557297e-7,0.9999597390124484,-182.36662518074456,182.36662518074456
5.336877221677861,0.9999999986677998,16.75146771037182,-7.636789739447818e-7,0.9999663981251464,-182.44243412018795,182.44243412018795
5.3493320109933284,0.9999999987643613,16.79060665362035,-6.334168239846647e-7,0.9999721296597447,-182.51869912455422,182.51869912455422
5.3617868003087965,0.9999999988667183,16.829745596868886,-5.255164945065678e-7,0.9999768772742417,-182.59529499120467,182.59529499120467
5.374241589624264,0.999999998973349,16.868884540117417,-4.409047403746572e-7,0.9999806001914235,-182.6720983022471,182.6720983022471
5.386696378939732,0.9999999990828012,16.908023483365948,-3.8014729112739216e-7,0.9999832735191904,-182.7489876465123,182.7489876465123
5.399151168255199,0.9999999991937027,16.947162426614483,-3.4344705477792483e-7,0.9999848883295898,-182.8258438298124,182.8258438298124
5.411605957570666,0.9999999993047692,16.986301369863014,-3.3064773141199824e-7,0.9999854514998179,-182.90255007302991,182.90255007302991
5.424060746886134,0.9999999994148115,17.025440313111545,-3.412426840021116e-7,0.9999849853219039,-182.9789921976595,182.9789921976595
5.436515536201601,0.999999999522741,17.06457925636008,-3.743888393858563e-7,0.9999835268910671,-183.0550587984824,183.0550587984824
5.448970325517069,0.999999999627573,17.10371819960861,-4.289253221132924e-7,0.999981127285827,-183.1306414031257,183.1306414031257
5.461425114832537,0.9999999997284299,17.142857142857142,-5.033964597598677e-7,0.9999778505557706,-183.20563461831804,183.20563461831804
5.473879904148005,0.9999999998245417,17.181996086105674,-5.96078740240225e-7,0.9999737725354294,-183.27993626272587,183.27993626272587
5.486334693463472,0.9999999999152465,17.22113502935421,-7.050112511610912e-7,0.9999689795049489,-183.3534474863119,183.3534474863119
5.49878948277894,0.999999999999989,17.26027397260274,-8.280290882294334e-7,0.9999635667201179,-183.42607287622968,183.42607287622968
5.511244272094407,1.0000000000783185,17.29941291585127,-9.62799185401986e-7,0.9999576368358423,-183.4977205493226,183.4977205493226
5.523699061409875,1.0000000001498857,17.338551859099805,-1.1068579933639761e-6,0.999951298248292,-183.56830223136484,183.56830223136484
5.536153850725342,1.000000000214439,17.377690802348337,-1.257650416155064e-6,0.9999446633816892,-183.6377333232329,183.6377333232329
5.54860864004081,1.0000000002718188,17.416829745596868,-1.4125694076311117e-6,0.9999378469460642,-183.7059329542621,183.7059329542621
5.5610634293562775,1.0000000003219538,17.455968688845402,-1.568995630420303e-6,0.9999309641922615,-183.7728240230875,183.7728240230875
5.573518218671746,1.0000000003648544,17.495107632093934,-1.7243365898214128e-6,0.9999241291900478,-183.83833322633078,183.83833322633078
5.585973007987213,1.0000000004006062,17.534246575342465,-1.876064673112151e-6,0.9999174531543831,-183.90239107553134,183.90239107553134
5.59842779730268,1.0000000004293634,17.573385518591,-2.02175355118728e-6,0.9999110428437478,-183.96493190277826,183.96493190277826
5.610882586618148,1.0000000004513434,17.61252446183953,-2.159112432980238e-6,0.9999049990529488,-184.02589385552957,184.02589385552957
5.623337375933615,1.000000000466818,17.651663405088062,-2.2860177039939078e-6,0.9998994152210242,-184.08521888115402,184.08521888115402
5.635792165249083,1.0000000004761074,17.690802348336597,-2.400541526960182e-6,0.9998943761728137,-184.14285270175557,184.14285270175557
5.64824695456455,1.000000000479574,17.729941291585128,-2.50097703498948e-6,0.9998899570104605,-184.19874477988125,184.19874477988125
5.6607017438800185,1.0000000004776137,17.76908023483366,-2.585859804239632e-6,0.9998862221686134,-184.25284827572892,184.25284827572892
5.673156533195486,1.000000000470651,17.80821917808219,-2.653985353618331e-6,0.9998832246444408,-184.30511999650486,184.30511999650486
5.685611322510954,1.000000000459132,17.847358121330725,-2.7044224819732913e-6,0.9998810054107932,-184.35552033858826,184.35552033858826
5.698066111826421,1.0000000004435172,17.886497064579256,-2.736522318033483e-6,0.9998795930180066,-184.40401322318507,184.40401322318507
5.710520901141889,1.0000000004242768,17.925636007827787,-2.7499230237836024e-6,0.9998790033869536,-184.45056602615125,184.45056602615125
5.722975690457356,1.000000000401885,17.964774951076322,-2.7445501571307445e-6,0.9998792397930862,-184.49514950268295,184.49514950268295
5.735430479772824,1.000000000376814,18.003913894324853,-2.7206127637787304e-6,0.9998802930383938,-184.5377377075611,184.5377377075611
5.747885269088291,1.0000000003495304,18.043052837573384,-2.6785953299471336e-6,0.9998821418054823,-184.57830791164605,184.57830791164605
5.7603400584037585,1.0000000003204899,18.08219178082192,-2.6192457865603666e-6,0.9998847531853914,-184.616840515299,184.616840515299
5.772794847719227,1.000000000290134,18.12133072407045,-2.543559810451093e-6,0.9998880833683401,-184.65331895940892,184.65331895940892
5.785249637034694,1.0000000002588854,18.16046966731898,-2.452761718614129e-6,0.999892078484381,-184.68772963467603,184.68772963467603
5.797704426350162,1.000000000227147,18.199608610567516,-2.348282296897524e-6,0.9998966755789365,-184.72006178979635,184.72006178979635
5.810159215665629,1.0000000001952973,18.238747553816047,-2.2317339437712834e-6,0.9999018037064741,-184.75030743915912,184.75030743915912
5.822614004981097,1.0000000001636893,18.27788649706458,-2.1048835431684847e-6,0.9999073851241006,-184.77846127065422,184.77846127065422
5.835068794296564,1.0000000001326483,18.317025440313113,-1.9696235067988885e-6,0.9999133365657008,-184.80452055414656,184.80452055414656
5.847523583612032,1.000000000102471,18.356164383561644,-1.8279414458806957e-6,0.9999195705763813,-184.828485051157,184.828485051157
5.8599783729274995,1.000000000073424,18.395303326810176,-1.6818889448052508e-6,0.9999259968864286,-184.85035692624012,184.85035692624012
5.8724331622429675,1.0000000000457434,18.434442270058707,-1.5335499143868393e-6,0.999932523803767,-184.870140660527,184.870140660527
5.884887951558435,1.0000000000196352,18.47358121330724,-1.3850090006093658e-6,0.9999390596039732,-184.88784296785317,184.88784296785317
5.897342740873903,0.9999999999952746,18.512720156555773,-1.2383205159156198e-6,0.9999455138972997,-184.90347271385428,184.90347271385428
5.90979753018937,0.9999999999728061,18.551859099804304,-1.095478344500144e-6,0.999951798952842,-184.917040838374,184.917040838374
5.922252319504838,0.9999999999523451,18.59099804305284,-9.58387251101688e-7,0.9999578309609515,-184.92856028147608,184.92856028147608
5.934707108820305,0.9999999999339784,18.63013698630137,-8.288359949114524e-7,0.9999635312162239,-184.93804591332173,184.93804591332173
5.947161898135772,0.999999999917765,18.6692759295499,-7.084726167585695e-7,0.9999688272048626,-184.94551446811215,184.94551446811215
5.95961668745124,0.9999999999037376,18.708414872798436,-5.987822295022858e-7,0.9999736535819019,-184.95098448226773,184.95098448226773
5.972071476766708,0.9999999998919039,18.747553816046967,-5.010675991011224e-7,0.9999779530256395,-184.95447623695384,184.95447623695384
5.984526266082176,0.9999999998822487,18.786692759295498,-4.164327577076492e-7,0.9999816769586609,-184.95601170503193,184.95601170503193
5.996981055397643,0.9999999998747351,18.825831702544033,-3.457698414297477e-7,0.999984786126977,-184.95561450245657,184.95561450245657
6.009435844713111,0.9999999998693058,18.864970645792564,-2.897492944467607e-7,0.9999872510310444,-184.95330984410754,184.95330984410754
6.021890634028578,0.999999999865886,18.904109589041095,-2.4881352906098447e-7,0.9999890522047213,-184.94912450398988,184.94912450398988
6.034345423344046,0.9999999998643845,18.94324853228963,-2.2317407875440765e-7,0.9999901803405348,-184.94308677970622,184.94308677970622
6.046800212659513,0.9999999998646958,18.98238747553816,-2.1281222893078507e-7,0.9999906362619271,-184.9352264610511,184.9352264610511
6.059255001974981,0.999999999866702,19.021526418786692,-2.1748305895801342e-7,0.9999904307454058,-184.92557480255232,184.92557480255232
6.0717097912904485,0.9999999998702744,19.060665362035223,-2.3672277966900059e-7,0.9999895841976946,-184.91416449973454,184.91416449973454
6.084164580605917,0.9999999998752758,19.099804305283758,-2.69859203675664e-7,0.9999881261950383,-184.90102966885723,184.90102966885723
6.096619369921384,0.9999999998815615,19.13894324853229,-3.160251421086466e-7,0.9999860948937472,-184.88620582983685,184.88620582983685
6.109074159236852,0.999999999888982,19.17808219178082,-3.741744814950373e-7,0.9999835363228142,-184.86972989204259,184.86972989204259
6.121528948552319,0.9999999998973839,19.217221135029355,-4.4310065883143695e-7,0.9999805035710114,-184.85164014261957,184.85164014261957
6.133983737867786,0.9999999999066115,19.256360078277886,-5.214572219367601e-7,0.9999770558822347,-184.83197623697828,184.83197623697828
6.146438527183254,0.9999999999165087,19.295499021526417,-6.077801364430247e-7,0.9999732576739965,-184.81077919105854,184.81077919105854
6.158893316498721,0.99999999992692,19.334637964774952,-7.005114803463421e-7,0.9999691774948648,-184.78809137496887,184.78809137496887
6.1713481058141895,0.9999999999376922,19.373776908023483,-7.980241523116951e-7,0.9999648869372982,-184.76395650757658,184.76395650757658
6.183802895129657,0.9999999999486752,19.412915851272015,-8.986472109228983e-7,0.9999604595227194,-184.738419651624,184.738419651624
6.196257684445125,0.9999999999597231,19.45205479452055,-1.0006914588407341e-6,0.999955969575811,-184.711527208927,184.711527208927
6.208712473760592,0.9999999999706958,19.49119373776908,-1.102474888438049e-6,0.9999514911049088,-184.68332691521823,184.68332691521823
6.22116726307606,0.9999999999814592,19.53033268101761,-1.2023476136070655e-6,0.9999470967050013,-184.65386783418583,184.65386783418583
6.233622052391527,0.9999999999918865,19.569471624266146,-1.29871592606356e-6,0.9999428564992532,-184.62320035027133,184.62320035027133
6.246076841706995,1.000000000001859,19.608610567514678,-1.3900651331249622e-6,0.9999388371341426,-184.59137615978423,184.59137615978423
6.258531631022462,1.0000000000112659,19.64774951076321,-1.4749808575034696e-6,0.9999351008422699,-184.55844825991136,184.55844825991136
6.27098642033793,1.0000000000200064,19.68688845401174,-1.552168507447193e-6,0.9999317045856724,-184.52447093520038,184.52447093520038
6.283441209653398,1.000000000027989,19.726027397260275,-1.6204706572489385e-6,0.9999286992910811,-184.48949974112074,184.48949974112074
6.295895998968865,1.000000000035132,19.765166340508806,-1.6788821132437405e-6,0.9999261291870173,-184.45359148431487,184.45359148431487
6.308350788284333,1.0000000000413645,19.804305283757337,-1.7265624781891327e-6,0.9999240312509596,-184.41680419918248,184.41680419918248
6.3208055775998,1.000000000046626,19.84344422700587,-1.7628460669013103e-6,0.9999224347730563,-184.37919712045456,184.37919712045456
6.333260366915268,1.0000000000508673,19.882583170254403,-1.787249067662901e-6,0.9999213610410228,-184.3408306514487,184.3408306514487
6.345715156230735,1.0000000000540497,19.921722113502934,-1.7994738861654963e-6,0.9999208231490088,-184.3017663277181,184.3017663277181
6.358169945546203,1.0000000000561464,19.96086105675147,-1.7994106517273267e-6,0.999920825931324,-184.2620667758443,184.2620667758443
6.3706247348616705,1.0000000000571414,20.0,-1.7871359076329724e-6,0.9999213660200641,-184.22179566714848,184.22179566714848
